<application>
  <component name="ProjectManager">
    <defaultProject>
      <component name="DiscordProjectSettings">
        <option name="show" value="ASK" />
        <option name="description" value="" />
      </component>
      <component name="PropertiesComponent">{
  &quot;keyToString&quot;: {
    &quot;settings.editor.selected.configurable&quot;: &quot;preferences.pluginManager&quot;
  }
}</component>
      <component name="WindowStateProjectService">
        <state x="461" y="87" key="SettingsEditor" timestamp="1692972330293">
          <screen x="0" y="0" width="1920" height="1040" />
        </state>
        <state x="461" y="87" key="SettingsEditor/0.0.1920.1040" timestamp="1692972330293" />
      </component>
    </defaultProject>
  </component>
</application>